{
  "license": {
    "c08a63f7-b95b-4db1-b3cf-f0312a319339": {
      "base": 0,
      "current": 520.709359
    },
    "425089e6-8667-4bdd-8b98-f77069e4c3ff": {
      "base": 0,
      "current": 0.000000
    },
    "f5256f3c-26c6-4fb9-a867-55db088ed4af": {
      "base": 0,
      "current": 0.324604
    }
  },
  "bedrock": {}
}
